<?xml version="1.0" encoding="UTF-8"?>
<databaseChangeLog
        xmlns="http://www.liquibase.org/xml/ns/dbchangelog"
        xmlns:xsi="http://www.w3.org/2001/XMLSchema-instance"
        xsi:schemaLocation="http://www.liquibase.org/xml/ns/dbchangelog
                      http://www.liquibase.org/xml/ns/dbchangelog/dbchangelog-4.24.xsd"
        objectQuotingStrategy="QUOTE_ONLY_RESERVED_WORDS">
    <changeSet id="1718032312614-1" author="itche (generated)">
        <createSequence incrementBy="1" sequenceName="user_id_seq" startValue="1"/>
    </changeSet>
    <changeSet id="1718032312614-2" author="itche (generated)">
        <createSequence incrementBy="1" sequenceName="user_role_id_seq" startValue="1"/>
    </changeSet>
    <changeSet id="1718032312614-3" author="itche (generated)">
        <createSequence incrementBy="1" sequenceName="your_sequence_name" startValue="1"/>
    </changeSet>
    <changeSet id="1718032312614-5" author="itche (generated)">
        <createTable tableName="user_roles">
            <column name="id" type="BIGINT">
                <constraints nullable="false" primaryKey="true" primaryKeyName="pk_user_roles"/>
            </column>
            <column name="user_authority" type="SMALLINT"/>
            <column name="user_id" type="BIGINT"/>
        </createTable>
    </changeSet>
    <changeSet id="1718032312614-6" author="itche (generated)">
        <createTable tableName="users">
            <column name="id" type="BIGINT">
                <constraints nullable="false" primaryKey="true" primaryKeyName="pk_users"/>
            </column>
            <column name="username" type="VARCHAR(255)"/>
            <column name="password" type="VARCHAR(255)"/>
            <column name="expired" type="BOOLEAN">
                <constraints nullable="false"/>
            </column>
            <column name="locked" type="BOOLEAN">
                <constraints nullable="false"/>
            </column>
            <column name="enabled" type="BOOLEAN">
                <constraints nullable="false"/>
            </column>
        </createTable>
    </changeSet>
    <changeSet id="1718032312614-8" author="itche (generated)">
        <addForeignKeyConstraint baseColumnNames="user_id" baseTableName="user_roles"
                                 constraintName="FK_USER_ROLES_ON_USER" referencedColumnNames="id"
                                 referencedTableName="users"/>
    </changeSet>

</databaseChangeLog>